{
    "constraints": [],
    "controllers": [],
    "generators": [
        {
            "grid": {
                "columns": 28,
                "rows": 12,
                "spacingX": 0.800000011920929,
                "spacingY": 0.800000011920929,
                "startX": -10.800000190734863,
                "startY": -9.399999618530273
            },
            "name": "Circle Rain",
            "object": {
                "components": {
                    "Collider": {
                        "radius": 0.30000001192092896,
                        "type": "CIRCLE"
                    },
                    "Renderer": {
                        "color": "BLUE",
                        "form": "R_CIRCLE",
                        "scale": 0.30000001192092896
                    },
                    "RigidBody": {
                        "angularState": {
                            "angularAcceleration": 0.0,
                            "angularVelocity": 0.0,
                            "torque": 0.0
                        },
                        "gravityEnabled": true,
                        "linearState": {
                            "acceleration": {
                                "x": 0.0,
                                "y": 0.0
                            },
                            "netForce": {
                                "x": 0.0,
                                "y": 0.0
                            },
                            "velocity": {
                                "x": 0.0,
                                "y": 0.0
                            }
                        },
                        "properties": {
                            "friction": 0.4000000059604645,
                            "inertia": 0.07999999821186066,
                            "mass": 1.0,
                            "restitution": 0.20000000298023224
                        }
                    },
                    "TransformComponent": {
                        "position": {
                            "x": -12.800000190734863,
                            "y": -9.600000381469727
                        },
                        "rotation": 0.0
                    }
                },
                "id": 18446744073709551615,
                "name": ""
            }
        },
        {
            "grid": {
                "columns": 20,
                "rows": 4,
                "spacingX": 0.8999999761581421,
                "spacingY": 0.8999999761581421,
                "startX": -8.800000190734863,
                "startY": 0.4000000059604645
            },
            "name": "Box Rain",
            "object": {
                "components": {
                    "Collider": {
                        "size": {
                            "x": 0.5,
                            "y": 0.5
                        },
                        "type": "BOX"
                    },
                    "Renderer": {
                        "color": "ORANGE",
                        "form": "R_BOX",
                        "scale": {
                            "x": 0.5,
                            "y": 0.5
                        }
                    },
                    "RigidBody": {
                        "angularState": {
                            "angularAcceleration": 0.0,
                            "angularVelocity": 0.0,
                            "torque": 0.0
                        },
                        "gravityEnabled": true,
                        "linearState": {
                            "acceleration": {
                                "x": 0.0,
                                "y": 0.0
                            },
                            "netForce": {
                                "x": 0.0,
                                "y": 0.0
                            },
                            "velocity": {
                                "x": 0.0,
                                "y": 0.0
                            }
                        },
                        "properties": {
                            "friction": 0.6000000238418579,
                            "inertia": 0.20000000298023224,
                            "mass": 1.5,
                            "restitution": 0.10000000149011612
                        }
                    },
                    "TransformComponent": {
                        "position": {
                            "x": -12.800000190734863,
                            "y": -9.600000381469727
                        },
                        "rotation": 0.0
                    }
                },
                "id": 18446744073709551615,
                "name": ""
            }
        }
    ],
    "name": "Saved Scene",
    "objects": [
        {
            "components": {
                "Collider": {
                    "size": {
                        "x": 12.0,
                        "y": 0.800000011920929
                    },
                    "type": "BOX"
                },
                "Renderer": {
                    "color": "DARKGRAY",
                    "form": "R_BOX",
                    "scale": {
                        "x": 12.0,
                        "y": 0.800000011920929
                    }
                },
                "TransformComponent": {
                    "position": {
                        "x": -6.0,
                        "y": 6.400000095367432
                    },
                    "rotation": 0.4000000059604645
                }
            },
            "id": 500,
            "name": "Static_V_Left"
        },
        {
            "components": {
                "Collider": {
                    "size": {
                        "x": 12.0,
                        "y": 0.800000011920929
                    },
                    "type": "BOX"
                },
                "Renderer": {
                    "color": "DARKGRAY",
                    "form": "R_BOX",
                    "scale": {
                        "x": 12.0,
                        "y": 0.800000011920929
                    }
                },
                "TransformComponent": {
                    "position": {
                        "x": 6.0,
                        "y": 6.400000095367432
                    },
                    "rotation": -0.4000000059604645
                }
            },
            "id": 501,
            "name": "Static_V_Right"
        }
    ],
    "screenHeight": 960,
    "screenWidth": 1280,
    "useWalls": true,
    "worldSize": {
        "x": 25.600000381469727,
        "y": 19.200000762939453
    }
}
